{"cameraMode":{"drawMode":0,"name":"Shaded","section":"Shading Mode"},"sceneLighting":false,"audioPlay":false,"sceneViewState":{"m_AlwaysRefresh":false,"showFog":true,"showSkybox":false,"showFlares":true,"showImageEffects":true,"showParticleSystems":true,"showVisualEffectGraphs":true,"m_FxEnabled":true},"in2DMode":false,"pivot":{"x":-7.613835334777832,"y":0.7084800004959106,"z":-10.792258262634278},"rotation":{"x":-0.07821959257125855,"y":-0.0158529132604599,"z":0.0012440846767276526,"w":-0.9968092441558838},"size":1.3573871850967408,"orthographic":false}